{
    "United States": "Western Hemisphere",
    "China": "Asia and Pacific",
    "Germany": "Europe",
    "Japan": "Asia and Pacific",
    "India": "Asia and Pacific",
    "United Kingdom": "Europe",
    "France": "Europe",
    "Italy": "Europe",
    "Russia": "Europe",
    "Canada": "Western Hemisphere",
    "Brazil": "Western Hemisphere",
    "Spain": "Europe",
    "Mexico": "Western Hemisphere",
    "South Korea": "Asia and Pacific",
    "Australia": "Asia and Pacific",
    "Turkey": "Europe",
    "Indonesia": "Asia and Pacific",
    "Netherlands": "Europe",
    "Saudi Arabia": "Middle East and Central Asia",
    "Poland": "Europe",
    "Switzerland": "Europe",
    "Taiwan": "Asia and Pacific",
    "Belgium": "Europe",
    "Ireland": "Europe",
    "Argentina": "Western Hemisphere",
    "Sweden": "Europe",
    "Israel": "Europe",
    "Singapore": "Asia and Pacific",
    "United Arab Emirates": "Middle East and Central Asia",
    "Austria": "Europe",
    "Thailand": "Asia and Pacific",
    "Norway": "Europe",
    "Philippines": "Asia and Pacific",
    "Vietnam": "Asia and Pacific",
    "Bangladesh": "Asia and Pacific",
    "Malaysia": "Asia and Pacific",
    "Denmark": "Europe",
    "Colombia": "Western Hemisphere",
    "Hong Kong": "Asia and Pacific",
    "South Africa": "Sub-Saharan Africa",
    "Romania": "Europe",
    "Pakistan": "Middle East and Central Asia",
    "Czech Republic": "Europe",
    "Iran": "Middle East and Central Asia",
    "Egypt": "Middle East and Central Asia",
    "Chile": "Western Hemisphere",
    "Portugal": "Europe",
    "Peru": "Western Hemisphere",
    "Finland": "Europe",
    "Kazakhstan": "Middle East and Central Asia",
    "Algeria": "Middle East and Central Asia",
    "Nigeria": "Sub-Saharan Africa",
    "Greece": "Europe",
    "Iraq": "Middle East and Central Asia",
    "New Zealand": "Asia and Pacific",
    "Hungary": "Europe",
    "Qatar": "Middle East and Central Asia",
    "Ukraine": "Europe",
    "Cuba": "Western Hemisphere",
    "Morocco": "Middle East and Central Asia",
    "Kuwait": "Middle East and Central Asia",
    "Slovakia": "Europe",
    "Uzbekistan": "Middle East and Central Asia",
    "Kenya": "Sub-Saharan Africa",
    "Ecuador": "Western Hemisphere",
    "Dominican Republic": "Western Hemisphere",
    "Bulgaria": "Europe",
    "Puerto Rico": "Western Hemisphere",
    "Guatemala": "Western Hemisphere",
    "Angola": "Sub-Saharan Africa",
    "Ghana": "Sub-Saharan Africa",
    "Ethiopia": "Sub-Saharan Africa",
    "Oman": "Middle East and Central Asia",
    "Croatia": "Europe",
    "Costa Rica": "Western Hemisphere",
    "Luxembourg": "Europe",
    "Serbia": "Europe",
    "Ivory Coast": "Sub-Saharan Africa",
    "Sri Lanka": "Asia and Pacific",
    "Lithuania": "Europe",
    "Panama": "Western Hemisphere",
    "Tanzania": "Sub-Saharan Africa",
    "Belarus": "Europe",
    "Uruguay": "Western Hemisphere",
    "Venezuela": "Western Hemisphere",
    "DR Congo": "Sub-Saharan Africa",
    "Slovenia": "Europe",
    "Azerbaijan": "Middle East and Central Asia",
    "Turkmenistan": "Middle East and Central Asia",
    "Uganda": "Sub-Saharan Africa",
    "Cameroon": "Sub-Saharan Africa",
    "Myanmar": "Asia and Pacific",
    "Tunisia": "Middle East and Central Asia",
    "Bolivia": "Western Hemisphere",
    "Jordan": "Middle East and Central Asia",
    "Zimbabwe": "Sub-Saharan Africa",
    "Macau": "Asia and Pacific",
    "Cambodia": "Asia and Pacific",
    "Libya": "Middle East and Central Asia",
    "Latvia": "Europe",
    "Paraguay": "Western Hemisphere",
    "Bahrain": "Middle East and Central Asia",
    "Estonia": "Europe",
    "Nepal": "Asia and Pacific",
    "Cyprus": "Europe",
    "Honduras": "Western Hemisphere",
    "Iceland": "Europe",
    "Georgia": "Middle East and Central Asia",
    "Senegal": "Sub-Saharan Africa",
    "El Salvador": "Western Hemisphere",
    "Sudan": "Middle East and Central Asia",
    "Bosnia and Herzegovina": "Europe",
    "Papua New Guinea": "Asia and Pacific",
    "Haiti": "Western Hemisphere",
    "Albania": "Europe",
    "Zambia": "Sub-Saharan Africa",
    "Lebanon": "Middle East and Central Asia",
    "Armenia": "Middle East and Central Asia",
    "Malta": "Europe",
    "Guinea": "Sub-Saharan Africa",
    "Burkina Faso": "Sub-Saharan Africa",
    "Trinidad and Tobago": "Western Hemisphere",
    "Mali": "Sub-Saharan Africa",
    "Mongolia": "Asia and Pacific",
    "Guyana": "Western Hemisphere",
    "Mozambique": "Sub-Saharan Africa",
    "Benin": "Sub-Saharan Africa",
    "Jamaica": "Western Hemisphere",
    "Niger": "Sub-Saharan Africa",
    "Chad": "Sub-Saharan Africa",
    "Gabon": "Sub-Saharan Africa",
    "Nicaragua": "Western Hemisphere",
    "Kyrgyzstan": "Middle East and Central Asia",
    "Syria": "Middle East and Central Asia",
    "Moldova": "Europe",
    "Madagascar": "Sub-Saharan Africa",
    "Botswana": "Sub-Saharan Africa",
    "North Macedonia": "Europe",
    "Afghanistan": "Middle East and Central Asia",
    "Tajikistan": "Middle East and Central Asia",
    "Laos": "Asia and Pacific",
    "North Korea": "Asia and Pacific",
    "Bahamas": "Western Hemisphere",
    "Mauritius": "Sub-Saharan Africa",
    "Congo": "Sub-Saharan Africa",
    "Brunei": "Asia and Pacific",
    "Malawi": "Sub-Saharan Africa",
    "Rwanda": "Sub-Saharan Africa",
    "Namibia": "Sub-Saharan Africa",
    "Palestine": "Middle East and Central Asia",
    "Equatorial Guinea": "Sub-Saharan Africa",
    "Somalia": "Sub-Saharan Africa",
    "Kosovo": "Europe",
    "Channel Islands": "Europe",
    "Mauritania": "Middle East and Central Asia",
    "Togo": "Sub-Saharan Africa",
    "Monaco": "Europe",
    "New Caledonia": "Asia and Pacific",
    "Liechtenstein": "Europe",
    "Montenegro": "Europe",
    "Bermuda": "Western Hemisphere",
    "Yemen": "Middle East and Central Asia",
    "Sierra Leone": "Sub-Saharan Africa",
    "Maldives": "Asia and Pacific",
    "Barbados": "Western Hemisphere",
    "Isle of Man": "Europe",
    "Cayman Islands": "Western Hemisphere",
    "Burundi": "Sub-Saharan Africa",
    "Guam": "Asia and Pacific",
    "French Polynesia": "Asia and Pacific",
    "Fiji": "Asia and Pacific",
    "Eswatini": "Sub-Saharan Africa",
    "Liberia": "Sub-Saharan Africa",
    "South Sudan": "Sub-Saharan Africa",
    "U.S. Virgin Islands": "Western Hemisphere",
    "Djibouti": "Middle East and Central Asia",
    "Suriname": "Western Hemisphere",
    "Andorra": "Europe",
    "Aruba": "Western Hemisphere",
    "Faroe Islands": "Europe",
    "Bhutan": "Asia and Pacific",
    "Greenland": "Western Hemisphere",
    "Central African Republic": "Sub-Saharan Africa",
    "Belize": "Western Hemisphere",
    "Curaçao": "Western Hemisphere",
    "Cape Verde": "Sub-Saharan Africa",
    "Saint Lucia": "Western Hemisphere",
    "Gambia": "Sub-Saharan Africa",
    "Zanzibar": "Sub-Saharan Africa",
    "Guinea-Bissau": "Sub-Saharan Africa",
    "Lesotho": "Sub-Saharan Africa",
    "Antigua and Barbuda": "Western Hemisphere",
    "Eritrea": "Sub-Saharan Africa",
    "San Marino": "Europe",
    "Seychelles": "Sub-Saharan Africa",
    "Timor-Leste": "Asia and Pacific",
    "Solomon Islands": "Asia and Pacific",
    "Turks and Caicos Islands": "Western Hemisphere",
    "Sint Maarten": "Western Hemisphere",
    "Comoros": "Sub-Saharan Africa",
    "British Virgin Islands": "Western Hemisphere",
    "Grenada": "Western Hemisphere",
    "Samoa": "Asia and Pacific",
    "Saint Vincent and the Grenadines": "Western Hemisphere",
    "Saint Kitts and Nevis": "Western Hemisphere",
    "Vanuatu": "Asia and Pacific",
    "Northern Mariana Islands": "Asia and Pacific",
    "São Tomé and Príncipe": "Sub-Saharan Africa",
    "American Samoa": "Asia and Pacific",
    "Dominica": "Western Hemisphere",
    "Saint Martin": "Europe",
    "Tonga": "Asia and Pacific",
    "Micronesia": "Asia and Pacific",
    "Anguilla": "Western Hemisphere",
    "Cook Islands": "Asia and Pacific",
    "Palau": "Asia and Pacific",
    "Kiribati": "Asia and Pacific",
    "Marshall Islands": "Asia and Pacific",
    "Nauru": "Asia and Pacific",
    "Montserrat": "Western Hemisphere",
    "Tuvalu": "Asia and Pacific"
}